registro_id,orden,simbolo_primero,velocidad_primera_kmh,velocidad_naranja_kmh,velocidad_platano_kmh,confianza_naranja,confianza_platano,tiempo_primera_s,tiempo_segunda_s,diferencia_platano_menos_naranja,categoria_motivo,incluida,motivo_exclusion,origen_dato,version_app
SIM-000001,naranja_primero,naranja,90,90,70,66,81,2.000,6.938,-20,"[""sin_clasificar""]",true,,sintetico_docente,1.0.0-demo
SIM-000002,naranja_primero,naranja,90,90,70,63,72,6.012,2.000,-20,"[""forma""]",true,,sintetico_docente,1.0.0-demo
SIM-000003,platano_primero,platano,90,90,90,71,74,2.000,7.939,0,"[""forma""]",true,,sintetico_docente,1.0.0-demo
SIM-000004,naranja_primero,naranja,90,90,70,72,84,7.353,4.615,-20,"[""fisica""]",true,,sintetico_docente,1.0.0-demo
SIM-000005,platano_primero,platano,50,70,50,83,77,9.110,2.000,-20,"[""forma""]",true,,sintetico_docente,1.0.0-demo
SIM-000006,platano_primero,platano,50,90,50,57,58,9.353,6.761,-40,"[""forma""]",true,,sintetico_docente,1.0.0-demo
SIM-000007,platano_primero,platano,70,90,70,73,64,8.687,4.887,-20,"[""sin_clasificar""]",true,,sintetico_docente,1.0.0-demo
SIM-000008,naranja_primero,naranja,90,90,50,68,61,7.421,3.645,-40,"[""forma"",""contraste""]",true,,sintetico_docente,1.0.0-demo
SIM-000009,platano_primero,platano,90,90,90,69,71,5.629,8.729,0,"[""azar""]",true,,sintetico_docente,1.0.0-demo
SIM-000010,naranja_primero,naranja,90,90,50,61,45,4.709,3.347,-40,"[""forma"",""contraste""]",true,,sintetico_docente,1.0.0-demo
SIM-000011,platano_primero,platano,90,110,90,87,58,9.391,9.331,-20,"[""forma"",""contraste""]",true,,sintetico_docente,1.0.0-demo
SIM-000012,naranja_primero,naranja,50,50,50,77,71,4.607,6.845,0,"[""forma""]",true,,sintetico_docente,1.0.0-demo
SIM-000013,naranja_primero,naranja,70,70,70,65,74,7.136,5.669,0,"[""forma"",""contraste""]",true,,sintetico_docente,1.0.0-demo
SIM-000014,naranja_primero,naranja,50,50,50,83,66,11.382,4.885,0,"[""forma"",""contraste""]",true,,sintetico_docente,1.0.0-demo
SIM-000015,naranja_primero,naranja,90,90,70,52,92,9.436,6.316,-20,"[""fisica""]",true,,sintetico_docente,1.0.0-demo
SIM-000016,naranja_primero,naranja,110,110,90,57,63,3.819,5.229,-20,"[""forma"",""contraste""]",true,,sintetico_docente,1.0.0-demo
SIM-000017,platano_primero,platano,90,90,90,81,63,5.980,10.759,0,"[""forma"",""contraste""]",true,,sintetico_docente,1.0.0-demo
SIM-000018,platano_primero,platano,50,90,50,87,54,9.899,4.061,-40,"[""sin_clasificar""]",true,,sintetico_docente,1.0.0-demo
SIM-000019,platano_primero,platano,70,110,70,60,84,11.948,4.078,-40,"[""forma"",""contraste""]",true,,sintetico_docente,1.0.0-demo
SIM-000020,platano_primero,platano,50,90,50,46,83,9.105,4.662,-40,"[""sin_clasificar""]",true,,sintetico_docente,1.0.0-demo
SIM-000021,platano_primero,platano,90,110,90,65,58,3.877,13.483,-20,"[""forma"",""contraste""]",true,,sintetico_docente,1.0.0-demo
SIM-000022,naranja_primero,naranja,70,70,50,71,68,10.339,7.671,-20,"[""forma"",""fisica"",""contraste""]",true,,sintetico_docente,1.0.0-demo
SIM-000023,platano_primero,platano,70,90,70,59,75,9.120,15.888,-20,"[""forma"",""contraste""]",true,,sintetico_docente,1.0.0-demo
SIM-000024,naranja_primero,naranja,90,90,90,95,70,7.844,6.844,0,"[""sin_clasificar""]",true,,sintetico_docente,1.0.0-demo
SIM-000025,naranja_primero,naranja,90,90,50,80,76,3.713,7.943,-40,"[""forma"",""contraste""]",true,,sintetico_docente,1.0.0-demo
SIM-000026,platano_primero,platano,70,110,70,51,58,7.954,6.673,-40,"[""azar""]",true,,sintetico_docente,1.0.0-demo
SIM-000027,naranja_primero,naranja,70,70,50,77,71,10.036,5.061,-20,"[""azar""]",true,,sintetico_docente,1.0.0-demo
SIM-000028,platano_primero,platano,70,110,70,62,51,5.809,3.475,-40,"[""forma"",""contraste""]",true,,sintetico_docente,1.0.0-demo
SIM-000029,naranja_primero,naranja,70,70,50,87,93,10.331,6.291,-20,"[""forma""]",true,,sintetico_docente,1.0.0-demo
SIM-000030,platano_primero,platano,70,90,70,67,57,1.050,6.231,-20,"[""forma""]",false,tiempo_primera_menor_2,sintetico_docente,1.0.0-demo
SIM-000031,platano_primero,platano,70,90,70,87,63,14.251,5.367,-20,"[""fisica""]",true,,sintetico_docente,1.0.0-demo
SIM-000032,naranja_primero,naranja,90,90,50,74,66,9.521,6.416,-40,"[""forma"",""fisica"",""contraste""]",true,,sintetico_docente,1.0.0-demo
SIM-000033,naranja_primero,naranja,110,110,70,82,69,3.811,5.202,-40,"[""fisica""]",true,,sintetico_docente,1.0.0-demo
SIM-000034,platano_primero,platano,70,110,70,64,71,7.104,9.391,-40,"[""sin_clasificar""]",true,,sintetico_docente,1.0.0-demo
SIM-000035,naranja_primero,naranja,110,110,70,76,92,5.629,9.309,-40,"[""forma"",""contraste""]",true,,sintetico_docente,1.0.0-demo
SIM-000036,naranja_primero,naranja,90,90,70,74,78,4.161,9.308,-20,"[""forma""]",true,,sintetico_docente,1.0.0-demo
SIM-000037,platano_primero,platano,70,90,70,81,78,10.774,7.236,-20,"[""forma"",""contraste""]",true,,sintetico_docente,1.0.0-demo
SIM-000038,platano_primero,platano,50,70,50,80,41,8.964,9.165,-20,"[""sin_clasificar""]",true,,sintetico_docente,1.0.0-demo
SIM-000039,naranja_primero,naranja,110,110,50,91,61,8.045,10.100,-60,"[""forma""]",true,,sintetico_docente,1.0.0-demo
SIM-000040,platano_primero,platano,50,90,50,58,75,15.120,3.394,-40,"[""sin_clasificar""]",true,,sintetico_docente,1.0.0-demo
SIM-000041,platano_primero,platano,50,90,50,83,63,4.257,7.034,-40,"[""forma"",""contraste""]",true,,sintetico_docente,1.0.0-demo
SIM-000042,platano_primero,platano,50,90,50,64,67,13.077,8.896,-40,"[""forma"",""fisica"",""contraste""]",true,,sintetico_docente,1.0.0-demo
SIM-000043,naranja_primero,naranja,70,70,30,83,82,2.714,8.716,-40,"[""forma""]",true,,sintetico_docente,1.0.0-demo
SIM-000044,platano_primero,platano,70,90,70,69,66,4.975,3.548,-20,"[""fisica""]",true,,sintetico_docente,1.0.0-demo
SIM-000045,naranja_primero,naranja,70,70,70,81,73,14.724,3.460,0,"[""forma""]",true,,sintetico_docente,1.0.0-demo
SIM-000046,naranja_primero,naranja,90,90,70,57,57,3.704,11.639,-20,"[""forma"",""contraste""]",true,,sintetico_docente,1.0.0-demo
SIM-000047,naranja_primero,naranja,110,110,90,40,65,8.190,6.954,-20,"[""azar""]",true,,sintetico_docente,1.0.0-demo
SIM-000048,platano_primero,platano,50,90,50,55,73,5.980,8.598,-40,"[""forma"",""contraste""]",true,,sintetico_docente,1.0.0-demo
SIM-000049,naranja_primero,naranja,90,90,50,93,58,4.963,5.932,-40,"[""forma""]",true,,sintetico_docente,1.0.0-demo
SIM-000050,platano_primero,platano,90,110,90,72,62,8.614,5.503,-20,"[""forma""]",true,,sintetico_docente,1.0.0-demo
SIM-000051,platano_primero,platano,70,90,70,58,70,7.044,8.894,-20,"[""sin_clasificar""]",true,,sintetico_docente,1.0.0-demo
SIM-000052,naranja_primero,naranja,110,110,70,70,57,5.920,6.024,-40,"[""forma""]",true,,sintetico_docente,1.0.0-demo
SIM-000053,platano_primero,platano,90,110,90,56,75,5.904,5.990,-20,"[""forma""]",true,,sintetico_docente,1.0.0-demo
SIM-000054,naranja_primero,naranja,90,90,50,71,54,6.895,15.877,-40,"[""forma"",""contraste""]",true,,sintetico_docente,1.0.0-demo
SIM-000055,platano_primero,platano,70,90,70,74,55,5.090,11.700,-20,"[""forma""]",true,,sintetico_docente,1.0.0-demo
SIM-000056,platano_primero,platano,50,70,50,64,83,8.354,5.606,-20,"[""forma"",""contraste""]",true,,sintetico_docente,1.0.0-demo
SIM-000057,naranja_primero,naranja,110,110,90,75,82,8.767,12.283,-20,"[""forma""]",true,,sintetico_docente,1.0.0-demo
SIM-000058,naranja_primero,naranja,90,90,70,70,86,6.011,10.650,-20,"[""forma"",""contraste""]",true,,sintetico_docente,1.0.0-demo
SIM-000059,naranja_primero,naranja,90,90,90,78,71,4.358,6.726,0,"[""forma"",""contraste""]",true,,sintetico_docente,1.0.0-demo
SIM-000060,platano_primero,platano,70,110,70,98,87,7.827,9.289,-40,"[""forma"",""contraste""]",true,,sintetico_docente,1.0.0-demo
SIM-000061,platano_primero,platano,30,90,30,71,57,4.275,9.399,-60,"[""sin_clasificar""]",true,,sintetico_docente,1.0.0-demo
SIM-000062,naranja_primero,naranja,110,110,90,59,72,8.783,5.181,-20,"[""forma""]",true,,sintetico_docente,1.0.0-demo
SIM-000063,platano_primero,platano,70,110,70,48,59,9.527,7.737,-40,"[""forma"",""fisica"",""contraste""]",true,,sintetico_docente,1.0.0-demo
SIM-000064,platano_primero,platano,90,90,90,70,85,9.473,8.804,0,"[""sin_clasificar""]",true,,sintetico_docente,1.0.0-demo
SIM-000065,platano_primero,platano,70,90,70,69,73,6.671,7.176,-20,"[""sin_clasificar""]",true,,sintetico_docente,1.0.0-demo
SIM-000066,naranja_primero,naranja,90,90,70,70,86,8.726,9.951,-20,"[""forma""]",true,,sintetico_docente,1.0.0-demo
SIM-000067,platano_primero,platano,50,70,50,60,81,5.832,9.371,-20,"[""forma"",""contraste""]",true,,sintetico_docente,1.0.0-demo
SIM-000068,naranja_primero,naranja,90,90,50,78,83,3.935,6.217,-40,"[""forma"",""contraste""]",true,,sintetico_docente,1.0.0-demo
SIM-000069,naranja_primero,naranja,70,70,30,66,91,7.710,3.133,-40,"[""forma""]",true,,sintetico_docente,1.0.0-demo
SIM-000070,naranja_primero,naranja,90,90,70,86,69,5.403,7.511,-20,"[""azar""]",true,,sintetico_docente,1.0.0-demo
SIM-000071,platano_primero,platano,90,110,90,68,74,5.326,9.474,-20,"[""forma""]",true,,sintetico_docente,1.0.0-demo
SIM-000072,naranja_primero,naranja,90,90,70,97,69,10.109,3.561,-20,"[""sin_clasificar""]",true,,sintetico_docente,1.0.0-demo
SIM-000073,platano_primero,platano,110,110,110,67,71,6.252,5.598,0,"[""forma"",""contraste""]",true,,sintetico_docente,1.0.0-demo
SIM-000074,platano_primero,platano,50,110,50,71,64,5.627,1.123,-60,"[""forma"",""contraste""]",false,tiempo_segunda_menor_2,sintetico_docente,1.0.0-demo
SIM-000075,platano_primero,platano,70,70,70,77,86,1.196,8.362,0,"[""forma""]",false,tiempo_primera_menor_2,sintetico_docente,1.0.0-demo
SIM-000076,naranja_primero,naranja,90,90,70,53,67,9.765,10.533,-20,"[""fisica""]",true,,sintetico_docente,1.0.0-demo
SIM-000077,naranja_primero,naranja,90,90,70,61,56,6.517,5.659,-20,"[""forma"",""contraste""]",true,,sintetico_docente,1.0.0-demo
SIM-000078,naranja_primero,naranja,90,90,70,69,75,10.572,6.329,-20,"[""forma"",""contraste""]",true,,sintetico_docente,1.0.0-demo
SIM-000079,platano_primero,platano,50,90,50,53,50,10.060,5.253,-40,"[""forma""]",true,,sintetico_docente,1.0.0-demo
SIM-000080,naranja_primero,naranja,90,90,70,59,44,5.138,9.844,-20,"[""forma"",""contraste""]",true,,sintetico_docente,1.0.0-demo
SIM-000081,platano_primero,platano,70,90,70,80,75,9.609,3.654,-20,"[""forma""]",true,,sintetico_docente,1.0.0-demo
SIM-000082,naranja_primero,naranja,90,90,90,64,64,6.073,12.219,0,"[""forma"",""contraste""]",true,,sintetico_docente,1.0.0-demo
SIM-000083,platano_primero,platano,70,90,70,75,58,11.646,9.865,-20,"[""forma"",""fisica"",""contraste""]",true,,sintetico_docente,1.0.0-demo
SIM-000084,platano_primero,platano,70,90,70,65,75,8.498,6.149,-20,"[""sin_clasificar""]",true,,sintetico_docente,1.0.0-demo
SIM-000085,naranja_primero,naranja,70,70,30,78,58,9.382,8.793,-40,"[""forma""]",true,,sintetico_docente,1.0.0-demo
SIM-000086,platano_primero,platano,50,70,50,70,56,9.401,6.290,-20,"[""sin_clasificar""]",true,,sintetico_docente,1.0.0-demo
SIM-000087,platano_primero,platano,90,90,90,67,68,8.697,6.534,0,"[""forma""]",true,,sintetico_docente,1.0.0-demo
SIM-000088,naranja_primero,naranja,70,70,50,81,94,3.078,9.501,-20,"[""forma""]",true,,sintetico_docente,1.0.0-demo
SIM-000089,naranja_primero,naranja,90,90,50,64,71,12.266,4.271,-40,"[""forma""]",true,,sintetico_docente,1.0.0-demo
SIM-000090,naranja_primero,naranja,70,70,50,59,75,6.909,7.594,-20,"[""forma""]",true,,sintetico_docente,1.0.0-demo
SIM-000091,naranja_primero,naranja,70,70,70,68,81,8.123,15.010,0,"[""forma""]",true,,sintetico_docente,1.0.0-demo
SIM-000092,naranja_primero,naranja,70,70,30,83,61,9.165,6.200,-40,"[""sin_clasificar""]",true,,sintetico_docente,1.0.0-demo
SIM-000093,platano_primero,platano,110,110,110,67,80,9.890,6.940,0,"[""forma""]",true,,sintetico_docente,1.0.0-demo
SIM-000094,naranja_primero,naranja,70,70,50,67,58,1.050,6.240,-20,"[""forma"",""contraste""]",false,tiempo_primera_menor_2,sintetico_docente,1.0.0-demo
SIM-000095,naranja_primero,naranja,90,90,50,67,72,7.593,4.413,-40,"[""forma""]",true,,sintetico_docente,1.0.0-demo
SIM-000096,naranja_primero,naranja,70,70,70,91,51,6.951,13.570,0,"[""sin_clasificar""]",true,,sintetico_docente,1.0.0-demo
SIM-000097,platano_primero,platano,90,70,90,62,94,6.415,7.102,20,"[""forma"",""contraste""]",true,,sintetico_docente,1.0.0-demo
SIM-000098,platano_primero,platano,70,110,70,64,73,9.443,6.175,-40,"[""sin_clasificar""]",true,,sintetico_docente,1.0.0-demo
SIM-000099,platano_primero,platano,50,90,50,77,64,2.973,10.293,-40,"[""forma""]",true,,sintetico_docente,1.0.0-demo
SIM-000100,platano_primero,platano,50,70,50,63,95,6.976,4.665,-20,"[""forma"",""contraste""]",true,,sintetico_docente,1.0.0-demo
SIM-000101,naranja_primero,naranja,90,90,50,43,67,4.830,6.940,-40,"[""forma""]",true,,sintetico_docente,1.0.0-demo
SIM-000102,naranja_primero,naranja,90,90,70,53,66,9.674,5.231,-20,"[""sin_clasificar""]",true,,sintetico_docente,1.0.0-demo
SIM-000103,platano_primero,platano,50,90,50,79,83,9.998,5.689,-40,"[""forma"",""contraste""]",true,,sintetico_docente,1.0.0-demo
SIM-000104,platano_primero,platano,50,90,50,61,76,6.023,5.700,-40,"[""forma"",""contraste""]",true,,sintetico_docente,1.0.0-demo
SIM-000105,naranja_primero,naranja,90,90,90,71,79,6.779,3.019,0,"[""forma"",""fisica"",""contraste""]",true,,sintetico_docente,1.0.0-demo
SIM-000106,platano_primero,platano,90,110,90,63,70,3.623,4.149,-20,"[""azar""]",true,,sintetico_docente,1.0.0-demo
SIM-000107,platano_primero,platano,50,90,50,90,64,11.016,9.675,-40,"[""forma""]",true,,sintetico_docente,1.0.0-demo
SIM-000108,platano_primero,platano,70,90,70,81,62,8.623,10.108,-20,"[""forma""]",true,,sintetico_docente,1.0.0-demo
SIM-000109,naranja_primero,naranja,110,110,90,60,87,5.702,11.286,-20,"[""forma""]",true,,sintetico_docente,1.0.0-demo
SIM-000110,naranja_primero,naranja,90,90,70,59,63,6.948,4.278,-20,"[""azar""]",true,,sintetico_docente,1.0.0-demo
SIM-000111,platano_primero,platano,50,90,50,77,72,6.800,4.370,-40,"[""sin_clasificar""]",true,,sintetico_docente,1.0.0-demo
SIM-000112,naranja_primero,naranja,90,90,70,61,46,10.723,11.962,-20,"[""fisica""]",true,,sintetico_docente,1.0.0-demo
SIM-000113,platano_primero,platano,70,90,70,68,53,14.762,8.810,-20,"[""forma""]",true,,sintetico_docente,1.0.0-demo
SIM-000114,naranja_primero,naranja,90,90,70,71,45,7.484,8.342,-20,"[""forma""]",true,,sintetico_docente,1.0.0-demo
SIM-000115,naranja_primero,naranja,90,90,70,57,61,9.094,1.123,-20,"[""sin_clasificar""]",false,tiempo_segunda_menor_2,sintetico_docente,1.0.0-demo
SIM-000116,platano_primero,platano,50,90,50,76,87,7.888,2.063,-40,"[""forma""]",true,,sintetico_docente,1.0.0-demo
SIM-000117,naranja_primero,naranja,70,70,70,66,79,4.348,9.798,0,"[""forma"",""contraste""]",true,,sintetico_docente,1.0.0-demo
SIM-000118,naranja_primero,naranja,90,90,90,64,79,7.542,6.770,0,"[""forma""]",true,,sintetico_docente,1.0.0-demo
SIM-000119,platano_primero,platano,50,90,50,87,74,5.410,5.601,-40,"[""forma""]",true,,sintetico_docente,1.0.0-demo
SIM-000120,platano_primero,platano,90,110,90,71,70,8.302,8.893,-20,"[""forma""]",true,,sintetico_docente,1.0.0-demo
SIM-000121,platano_primero,platano,50,90,50,80,66,5.826,2.745,-40,"[""forma""]",true,,sintetico_docente,1.0.0-demo
SIM-000122,naranja_primero,naranja,90,90,90,98,69,7.257,4.407,0,"[""azar""]",true,,sintetico_docente,1.0.0-demo
SIM-000123,naranja_primero,naranja,90,90,70,77,77,4.884,8.354,-20,"[""sin_clasificar""]",true,,sintetico_docente,1.0.0-demo
SIM-000124,platano_primero,platano,90,110,90,76,73,11.666,10.854,-20,"[""forma"",""fisica"",""contraste""]",true,,sintetico_docente,1.0.0-demo
SIM-000125,platano_primero,platano,110,110,110,68,79,3.979,9.346,0,"[""sin_clasificar""]",true,,sintetico_docente,1.0.0-demo
SIM-000126,naranja_primero,naranja,110,110,90,72,96,6.789,5.500,-20,"[""forma"",""contraste""]",true,,sintetico_docente,1.0.0-demo
SIM-000127,naranja_primero,naranja,90,90,90,80,91,5.347,7.959,0,"[""fisica""]",true,,sintetico_docente,1.0.0-demo
SIM-000128,platano_primero,platano,70,110,70,49,67,10.322,5.393,-40,"[""sin_clasificar""]",true,,sintetico_docente,1.0.0-demo
SIM-000129,naranja_primero,naranja,70,70,70,57,74,5.063,4.490,0,"[""sin_clasificar""]",true,,sintetico_docente,1.0.0-demo
SIM-000130,platano_primero,platano,90,110,90,66,86,6.273,5.527,-20,"[""forma""]",true,,sintetico_docente,1.0.0-demo
SIM-000131,platano_primero,platano,70,90,70,38,54,6.204,5.219,-20,"[""forma""]",true,,sintetico_docente,1.0.0-demo
SIM-000132,naranja_primero,naranja,110,110,50,74,56,7.950,5.755,-60,"[""fisica""]",true,,sintetico_docente,1.0.0-demo
SIM-000133,naranja_primero,naranja,90,90,70,79,63,9.969,6.190,-20,"[""azar""]",true,,sintetico_docente,1.0.0-demo
SIM-000134,platano_primero,platano,110,110,110,60,63,12.339,8.114,0,"[""forma""]",true,,sintetico_docente,1.0.0-demo
SIM-000135,naranja_primero,naranja,90,90,70,62,76,8.062,8.116,-20,"[""azar""]",true,,sintetico_docente,1.0.0-demo
SIM-000136,naranja_primero,naranja,90,90,50,76,72,6.445,5.675,-40,"[""azar""]",true,,sintetico_docente,1.0.0-demo
SIM-000137,platano_primero,platano,70,70,70,65,94,7.384,7.266,0,"[""sin_clasificar""]",true,,sintetico_docente,1.0.0-demo
SIM-000138,naranja_primero,naranja,110,110,90,49,78,1.196,8.691,-20,"[""forma""]",false,tiempo_primera_menor_2,sintetico_docente,1.0.0-demo
SIM-000139,platano_primero,platano,50,70,50,72,61,5.577,6.542,-20,"[""forma"",""contraste""]",true,,sintetico_docente,1.0.0-demo
SIM-000140,platano_primero,platano,70,110,70,74,70,7.946,7.034,-40,"[""forma""]",true,,sintetico_docente,1.0.0-demo
SIM-000141,platano_primero,platano,70,90,70,77,80,5.998,10.175,-20,"[""forma"",""contraste""]",true,,sintetico_docente,1.0.0-demo
SIM-000142,platano_primero,platano,70,90,70,69,65,8.631,6.467,-20,"[""forma""]",true,,sintetico_docente,1.0.0-demo
SIM-000143,naranja_primero,naranja,90,90,70,77,74,14.597,8.918,-20,"[""forma"",""contraste""]",true,,sintetico_docente,1.0.0-demo
SIM-000144,naranja_primero,naranja,90,90,90,60,49,5.472,8.409,0,"[""forma"",""contraste""]",true,,sintetico_docente,1.0.0-demo
SIM-000145,platano_primero,platano,70,90,70,94,65,12.355,4.672,-20,"[""forma"",""contraste""]",true,,sintetico_docente,1.0.0-demo
SIM-000146,naranja_primero,naranja,110,110,90,72,60,4.683,8.632,-20,"[""sin_clasificar""]",true,,sintetico_docente,1.0.0-demo
SIM-000147,platano_primero,platano,70,90,70,71,64,6.522,5.165,-20,"[""azar""]",true,,sintetico_docente,1.0.0-demo
SIM-000148,naranja_primero,naranja,70,70,50,75,55,4.824,9.511,-20,"[""forma""]",true,,sintetico_docente,1.0.0-demo
SIM-000149,naranja_primero,naranja,90,90,70,57,71,8.334,8.538,-20,"[""sin_clasificar""]",true,,sintetico_docente,1.0.0-demo
SIM-000150,platano_primero,platano,30,70,30,62,60,4.388,5.987,-40,"[""azar""]",true,,sintetico_docente,1.0.0-demo
SIM-000151,platano_primero,platano,90,90,90,81,58,8.295,10.014,0,"[""sin_clasificar""]",true,,sintetico_docente,1.0.0-demo
SIM-000152,naranja_primero,naranja,70,70,50,69,59,3.041,6.558,-20,"[""sin_clasificar""]",true,,sintetico_docente,1.0.0-demo
SIM-000153,naranja_primero,naranja,90,90,50,66,60,6.380,7.228,-40,"[""sin_clasificar""]",true,,sintetico_docente,1.0.0-demo
SIM-000154,naranja_primero,naranja,90,90,70,81,78,8.448,13.397,-20,"[""azar""]",true,,sintetico_docente,1.0.0-demo
SIM-000155,platano_primero,platano,90,90,90,51,81,7.691,1.269,0,"[""forma""]",false,tiempo_segunda_menor_2,sintetico_docente,1.0.0-demo
SIM-000156,platano_primero,platano,50,110,50,79,74,4.793,5.794,-60,"[""sin_clasificar""]",true,,sintetico_docente,1.0.0-demo
SIM-000157,naranja_primero,naranja,90,90,70,76,62,7.176,5.783,-20,"[""forma"",""fisica"",""contraste""]",true,,sintetico_docente,1.0.0-demo
SIM-000158,platano_primero,platano,70,110,70,83,54,9.165,11.051,-40,"[""forma""]",true,,sintetico_docente,1.0.0-demo
SIM-000159,naranja_primero,naranja,90,90,70,55,73,7.874,17.842,-20,"[""forma"",""contraste""]",true,,sintetico_docente,1.0.0-demo
SIM-000160,platano_primero,platano,90,110,90,54,70,12.415,8.353,-20,"[""azar""]",true,,sintetico_docente,1.0.0-demo
SIM-000161,naranja_primero,naranja,90,90,70,75,86,6.688,9.329,-20,"[""forma"",""contraste""]",true,,sintetico_docente,1.0.0-demo
SIM-000162,naranja_primero,naranja,90,90,70,79,87,8.893,9.666,-20,"[""sin_clasificar""]",true,,sintetico_docente,1.0.0-demo
SIM-000163,platano_primero,platano,70,50,70,66,72,6.190,5.198,20,"[""azar""]",true,,sintetico_docente,1.0.0-demo
SIM-000164,platano_primero,platano,90,90,90,71,66,5.155,3.246,0,"[""forma"",""contraste""]",true,,sintetico_docente,1.0.0-demo
SIM-000165,platano_primero,platano,30,70,30,76,79,8.305,7.505,-40,"[""fisica""]",true,,sintetico_docente,1.0.0-demo
SIM-000166,naranja_primero,naranja,50,50,50,49,86,6.864,9.035,0,"[""azar""]",true,,sintetico_docente,1.0.0-demo
SIM-000167,platano_primero,platano,70,110,70,78,82,10.905,5.737,-40,"[""forma""]",true,,sintetico_docente,1.0.0-demo
SIM-000168,naranja_primero,naranja,90,90,70,62,61,5.761,10.689,-20,"[""forma""]",true,,sintetico_docente,1.0.0-demo
SIM-000169,naranja_primero,naranja,70,70,70,64,67,8.347,4.127,0,"[""sin_clasificar""]",true,,sintetico_docente,1.0.0-demo
SIM-000170,platano_primero,platano,50,90,50,63,63,9.053,3.521,-40,"[""forma"",""contraste""]",true,,sintetico_docente,1.0.0-demo
SIM-000171,naranja_primero,naranja,90,90,90,71,78,9.763,5.387,0,"[""forma""]",true,,sintetico_docente,1.0.0-demo
SIM-000172,naranja_primero,naranja,110,110,90,66,81,10.205,8.327,-20,"[""forma"",""contraste""]",true,,sintetico_docente,1.0.0-demo
SIM-000173,platano_primero,platano,70,110,70,83,84,4.532,12.131,-40,"[""forma""]",true,,sintetico_docente,1.0.0-demo
SIM-000174,platano_primero,platano,50,70,50,71,44,6.424,4.283,-20,"[""forma""]",true,,sintetico_docente,1.0.0-demo
SIM-000175,naranja_primero,naranja,90,90,50,82,59,8.237,1.269,-40,"[""forma""]",false,tiempo_segunda_menor_2,sintetico_docente,1.0.0-demo
SIM-000176,naranja_primero,naranja,110,110,70,50,94,5.560,5.352,-40,"[""forma""]",true,,sintetico_docente,1.0.0-demo
SIM-000177,platano_primero,platano,70,70,70,57,58,11.534,5.389,0,"[""sin_clasificar""]",true,,sintetico_docente,1.0.0-demo
SIM-000178,naranja_primero,naranja,90,90,90,65,48,14.952,10.087,0,"[""sin_clasificar""]",true,,sintetico_docente,1.0.0-demo
SIM-000179,platano_primero,platano,50,90,50,62,67,7.951,9.521,-40,"[""fisica""]",true,,sintetico_docente,1.0.0-demo
SIM-000180,platano_primero,platano,70,90,70,53,96,18.620,10.130,-20,"[""forma"",""fisica"",""contraste""]",true,,sintetico_docente,1.0.0-demo
SIM-000181,naranja_primero,naranja,90,90,70,72,82,12.099,9.970,-20,"[""forma""]",true,,sintetico_docente,1.0.0-demo
SIM-000182,naranja_primero,naranja,70,70,50,70,72,10.151,9.256,-20,"[""sin_clasificar""]",true,,sintetico_docente,1.0.0-demo
SIM-000183,naranja_primero,naranja,110,110,70,77,79,6.512,10.089,-40,"[""forma"",""fisica"",""contraste""]",true,,sintetico_docente,1.0.0-demo
SIM-000184,platano_primero,platano,70,90,70,70,93,4.864,11.362,-20,"[""forma"",""contraste""]",true,,sintetico_docente,1.0.0-demo
SIM-000185,platano_primero,platano,90,110,90,77,81,17.017,4.093,-20,"[""sin_clasificar""]",true,,sintetico_docente,1.0.0-demo
SIM-000186,naranja_primero,naranja,90,90,30,68,67,5.947,8.593,-60,"[""fisica""]",true,,sintetico_docente,1.0.0-demo
SIM-000187,platano_primero,platano,70,90,70,60,85,8.788,7.943,-20,"[""forma"",""fisica"",""contraste""]",true,,sintetico_docente,1.0.0-demo
SIM-000188,naranja_primero,naranja,90,90,50,70,39,10.823,6.836,-40,"[""forma""]",true,,sintetico_docente,1.0.0-demo
SIM-000189,platano_primero,platano,70,110,70,69,77,1.342,7.309,-40,"[""forma""]",false,tiempo_primera_menor_2,sintetico_docente,1.0.0-demo
SIM-000190,platano_primero,platano,50,90,50,78,63,5.619,3.992,-40,"[""azar""]",true,,sintetico_docente,1.0.0-demo
SIM-000191,naranja_primero,naranja,90,90,70,75,90,8.026,11.786,-20,"[""forma"",""contraste""]",true,,sintetico_docente,1.0.0-demo
SIM-000192,naranja_primero,naranja,90,90,70,95,63,7.334,7.625,-20,"[""forma"",""contraste""]",true,,sintetico_docente,1.0.0-demo
SIM-000193,naranja_primero,naranja,90,90,70,52,46,5.309,8.805,-20,"[""forma"",""contraste""]",true,,sintetico_docente,1.0.0-demo
SIM-000194,platano_primero,platano,70,90,70,60,88,12.899,6.041,-20,"[""fisica""]",true,,sintetico_docente,1.0.0-demo
SIM-000195,naranja_primero,naranja,90,90,50,79,90,6.093,9.684,-40,"[""sin_clasificar""]",true,,sintetico_docente,1.0.0-demo
SIM-000196,platano_primero,platano,90,90,90,77,81,15.858,7.482,0,"[""forma""]",true,,sintetico_docente,1.0.0-demo
SIM-000197,naranja_primero,naranja,90,90,50,67,71,5.183,10.907,-40,"[""sin_clasificar""]",true,,sintetico_docente,1.0.0-demo
SIM-000198,platano_primero,platano,50,90,50,68,50,5.744,7.482,-40,"[""forma"",""contraste""]",true,,sintetico_docente,1.0.0-demo
SIM-000199,platano_primero,platano,70,90,70,50,76,5.488,6.103,-20,"[""fisica""]",true,,sintetico_docente,1.0.0-demo
SIM-000200,platano_primero,platano,90,110,90,67,72,3.665,8.819,-20,"[""forma""]",true,,sintetico_docente,1.0.0-demo
SIM-000201,platano_primero,platano,50,90,50,66,47,5.670,6.494,-40,"[""sin_clasificar""]",true,,sintetico_docente,1.0.0-demo
SIM-000202,naranja_primero,naranja,90,90,50,83,62,9.989,8.739,-40,"[""forma""]",true,,sintetico_docente,1.0.0-demo
SIM-000203,platano_primero,platano,90,90,90,68,73,9.175,10.089,0,"[""forma"",""contraste""]",true,,sintetico_docente,1.0.0-demo
SIM-000204,naranja_primero,naranja,90,90,50,58,70,5.092,4.771,-40,"[""sin_clasificar""]",true,,sintetico_docente,1.0.0-demo
SIM-000205,platano_primero,platano,70,110,70,63,52,8.756,13.522,-40,"[""forma""]",true,,sintetico_docente,1.0.0-demo
SIM-000206,platano_primero,platano,50,90,50,46,72,7.610,7.484,-40,"[""forma""]",true,,sintetico_docente,1.0.0-demo
SIM-000207,naranja_primero,naranja,110,110,70,68,65,11.124,9.203,-40,"[""azar""]",true,,sintetico_docente,1.0.0-demo
SIM-000208,naranja_primero,naranja,110,110,90,61,59,14.281,9.415,-20,"[""sin_clasificar""]",true,,sintetico_docente,1.0.0-demo
SIM-000209,platano_primero,platano,90,110,90,71,82,5.230,6.958,-20,"[""forma""]",true,,sintetico_docente,1.0.0-demo
SIM-000210,naranja_primero,naranja,70,70,50,57,71,6.240,6.940,-20,"[""forma""]",true,,sintetico_docente,1.0.0-demo
SIM-000211,naranja_primero,naranja,70,70,50,85,75,12.960,6.422,-20,"[""forma""]",true,,sintetico_docente,1.0.0-demo
SIM-000212,naranja_primero,naranja,90,90,90,79,68,4.898,3.391,0,"[""fisica""]",true,,sintetico_docente,1.0.0-demo
SIM-000213,naranja_primero,naranja,70,70,50,62,58,8.519,6.354,-20,"[""forma""]",true,,sintetico_docente,1.0.0-demo
SIM-000214,platano_primero,platano,50,70,50,59,87,6.319,1.415,-20,"[""azar""]",false,tiempo_segunda_menor_2,sintetico_docente,1.0.0-demo
SIM-000215,platano_primero,platano,50,110,50,75,88,7.477,8.857,-60,"[""sin_clasificar""]",true,,sintetico_docente,1.0.0-demo
SIM-000216,platano_primero,platano,30,70,30,81,82,9.652,6.441,-40,"[""forma"",""contraste""]",true,,sintetico_docente,1.0.0-demo
SIM-000217,platano_primero,platano,50,90,50,71,51,9.732,5.300,-40,"[""sin_clasificar""]",true,,sintetico_docente,1.0.0-demo
SIM-000218,naranja_primero,naranja,90,90,50,83,76,2.668,9.669,-40,"[""sin_clasificar""]",true,,sintetico_docente,1.0.0-demo
SIM-000219,platano_primero,platano,50,90,50,85,62,4.649,6.265,-40,"[""azar""]",true,,sintetico_docente,1.0.0-demo
SIM-000220,naranja_primero,naranja,130,130,90,64,70,5.507,5.062,-40,"[""sin_clasificar""]",true,,sintetico_docente,1.0.0-demo
SIM-000221,naranja_primero,naranja,90,90,70,69,64,10.124,5.617,-20,"[""azar""]",true,,sintetico_docente,1.0.0-demo
SIM-000222,platano_primero,platano,50,90,50,78,82,10.667,10.008,-40,"[""azar""]",true,,sintetico_docente,1.0.0-demo
SIM-000223,platano_primero,platano,70,110,70,67,72,6.488,4.132,-40,"[""sin_clasificar""]",true,,sintetico_docente,1.0.0-demo
SIM-000224,platano_primero,platano,50,90,50,61,78,7.087,4.876,-40,"[""sin_clasificar""]",true,,sintetico_docente,1.0.0-demo
SIM-000225,platano_primero,platano,50,90,50,76,60,7.083,7.487,-40,"[""forma""]",true,,sintetico_docente,1.0.0-demo
SIM-000226,naranja_primero,naranja,110,110,90,87,74,6.251,4.469,-20,"[""forma""]",true,,sintetico_docente,1.0.0-demo
SIM-000227,naranja_primero,naranja,90,90,90,88,70,10.831,11.627,0,"[""forma""]",true,,sintetico_docente,1.0.0-demo
SIM-000228,naranja_primero,naranja,70,70,30,93,57,12.999,11.355,-40,"[""forma"",""fisica"",""contraste""]",true,,sintetico_docente,1.0.0-demo
SIM-000229,platano_primero,platano,90,110,90,84,54,8.728,7.517,-20,"[""sin_clasificar""]",true,,sintetico_docente,1.0.0-demo
SIM-000230,naranja_primero,naranja,70,70,50,71,50,6.204,7.010,-20,"[""forma"",""contraste""]",true,,sintetico_docente,1.0.0-demo
SIM-000231,platano_primero,platano,70,110,70,67,71,6.602,3.018,-40,"[""forma"",""fisica"",""contraste""]",true,,sintetico_docente,1.0.0-demo
SIM-000232,platano_primero,platano,70,90,70,81,53,6.470,5.461,-20,"[""forma""]",true,,sintetico_docente,1.0.0-demo
SIM-000233,naranja_primero,naranja,70,70,30,62,62,7.769,7.702,-40,"[""forma"",""contraste""]",true,,sintetico_docente,1.0.0-demo
SIM-000234,naranja_primero,naranja,70,70,50,60,66,4.969,4.651,-20,"[""forma"",""contraste""]",true,,sintetico_docente,1.0.0-demo
SIM-000235,platano_primero,platano,70,90,70,51,87,6.431,15.342,-20,"[""forma""]",true,,sintetico_docente,1.0.0-demo
SIM-000236,naranja_primero,naranja,110,110,90,77,72,8.323,5.544,-20,"[""forma""]",true,,sintetico_docente,1.0.0-demo
SIM-000237,platano_primero,platano,70,90,70,80,71,6.617,2.103,-20,"[""forma""]",true,,sintetico_docente,1.0.0-demo
SIM-000238,naranja_primero,naranja,70,70,50,74,66,5.865,3.923,-20,"[""forma"",""contraste""]",true,,sintetico_docente,1.0.0-demo
SIM-000239,naranja_primero,naranja,90,90,50,57,67,9.309,5.667,-40,"[""forma"",""contraste""]",true,,sintetico_docente,1.0.0-demo
SIM-000240,platano_primero,platano,90,110,90,70,72,6.645,6.831,-20,"[""sin_clasificar""]",true,,sintetico_docente,1.0.0-demo
SIM-000241,platano_primero,platano,50,70,50,71,77,5.063,7.836,-20,"[""forma"",""contraste""]",true,,sintetico_docente,1.0.0-demo
SIM-000242,naranja_primero,naranja,90,90,90,57,73,9.988,11.461,0,"[""forma"",""contraste""]",true,,sintetico_docente,1.0.0-demo
SIM-000243,platano_primero,platano,70,90,70,70,88,2.937,6.051,-20,"[""forma"",""contraste""]",true,,sintetico_docente,1.0.0-demo
SIM-000244,naranja_primero,naranja,70,70,50,71,81,5.714,10.528,-20,"[""forma""]",true,,sintetico_docente,1.0.0-demo
SIM-000245,platano_primero,platano,90,90,90,57,65,8.396,6.818,0,"[""forma""]",true,,sintetico_docente,1.0.0-demo
SIM-000246,platano_primero,platano,50,30,50,65,64,10.004,6.602,20,"[""sin_clasificar""]",true,,sintetico_docente,1.0.0-demo
SIM-000247,naranja_primero,naranja,90,90,70,59,68,5.852,4.858,-20,"[""forma"",""contraste""]",true,,sintetico_docente,1.0.0-demo
SIM-000248,naranja_primero,naranja,70,70,70,48,66,1.342,8.581,0,"[""forma""]",false,tiempo_primera_menor_2,sintetico_docente,1.0.0-demo
SIM-000249,naranja_primero,naranja,70,70,50,71,65,11.777,13.755,-20,"[""forma"",""contraste""]",true,,sintetico_docente,1.0.0-demo
SIM-000250,platano_primero,platano,90,110,90,100,59,7.674,4.962,-20,"[""forma""]",true,,sintetico_docente,1.0.0-demo
SIM-000251,naranja_primero,naranja,90,90,50,87,67,6.916,5.995,-40,"[""forma""]",true,,sintetico_docente,1.0.0-demo
SIM-000252,naranja_primero,naranja,70,70,50,83,70,4.797,5.395,-20,"[""sin_clasificar""]",true,,sintetico_docente,1.0.0-demo
SIM-000253,platano_primero,platano,70,90,70,56,93,6.436,11.479,-20,"[""forma""]",true,,sintetico_docente,1.0.0-demo
SIM-000254,naranja_primero,naranja,90,90,70,81,54,4.101,7.093,-20,"[""forma""]",true,,sintetico_docente,1.0.0-demo
SIM-000255,platano_primero,platano,90,130,90,66,74,1.488,12.620,-40,"[""sin_clasificar""]",false,tiempo_primera_menor_2,sintetico_docente,1.0.0-demo
SIM-000256,naranja_primero,naranja,70,70,70,64,78,17.129,9.029,0,"[""sin_clasificar""]",true,,sintetico_docente,1.0.0-demo
SIM-000257,platano_primero,platano,70,70,70,64,67,7.912,7.767,0,"[""forma"",""fisica"",""contraste""]",true,,sintetico_docente,1.0.0-demo
SIM-000258,naranja_primero,naranja,90,90,50,57,91,9.675,9.342,-40,"[""fisica""]",true,,sintetico_docente,1.0.0-demo
SIM-000259,platano_primero,platano,70,90,70,91,71,8.984,7.343,-20,"[""forma""]",true,,sintetico_docente,1.0.0-demo
SIM-000260,platano_primero,platano,70,90,70,85,100,10.553,4.411,-20,"[""forma""]",true,,sintetico_docente,1.0.0-demo
SIM-000261,naranja_primero,naranja,90,90,70,89,70,9.073,12.255,-20,"[""forma"",""fisica"",""contraste""]",true,,sintetico_docente,1.0.0-demo
SIM-000262,naranja_primero,naranja,90,90,70,78,76,5.504,6.776,-20,"[""forma"",""contraste""]",true,,sintetico_docente,1.0.0-demo
SIM-000263,platano_primero,platano,50,50,50,69,85,13.785,5.642,0,"[""forma"",""contraste""]",true,,sintetico_docente,1.0.0-demo
SIM-000264,platano_primero,platano,90,90,90,69,100,6.599,6.234,0,"[""sin_clasificar""]",true,,sintetico_docente,1.0.0-demo
SIM-000265,naranja_primero,naranja,90,90,90,79,51,6.979,6.165,0,"[""azar""]",true,,sintetico_docente,1.0.0-demo
SIM-000266,platano_primero,platano,70,70,70,73,88,9.570,8.502,0,"[""forma"",""contraste""]",true,,sintetico_docente,1.0.0-demo
SIM-000267,naranja_primero,naranja,90,90,70,66,100,9.932,5.757,-20,"[""forma"",""contraste""]",true,,sintetico_docente,1.0.0-demo
SIM-000268,naranja_primero,naranja,70,70,50,76,78,7.375,14.625,-20,"[""forma""]",true,,sintetico_docente,1.0.0-demo
SIM-000269,platano_primero,platano,70,90,70,74,89,18.304,3.172,-20,"[""forma""]",true,,sintetico_docente,1.0.0-demo
SIM-000270,platano_primero,platano,70,110,70,67,67,8.652,8.573,-40,"[""sin_clasificar""]",true,,sintetico_docente,1.0.0-demo
SIM-000271,naranja_primero,naranja,90,90,70,64,73,6.770,5.050,-20,"[""forma""]",true,,sintetico_docente,1.0.0-demo
SIM-000272,platano_primero,platano,70,90,70,64,77,10.487,7.552,-20,"[""forma""]",true,,sintetico_docente,1.0.0-demo
SIM-000273,platano_primero,platano,70,90,70,58,52,8.557,4.307,-20,"[""fisica""]",true,,sintetico_docente,1.0.0-demo
SIM-000274,naranja_primero,naranja,90,90,50,92,89,5.610,4.999,-40,"[""forma"",""contraste""]",true,,sintetico_docente,1.0.0-demo
SIM-000275,platano_primero,platano,110,110,110,91,88,6.479,6.084,0,"[""fisica""]",true,,sintetico_docente,1.0.0-demo
SIM-000276,platano_primero,platano,70,90,70,53,63,6.275,7.825,-20,"[""forma"",""fisica"",""contraste""]",true,,sintetico_docente,1.0.0-demo
SIM-000277,platano_primero,platano,70,90,70,100,69,13.060,2.909,-20,"[""forma"",""contraste""]",true,,sintetico_docente,1.0.0-demo
SIM-000278,naranja_primero,naranja,90,90,50,58,47,2.842,6.635,-40,"[""forma""]",true,,sintetico_docente,1.0.0-demo
SIM-000279,naranja_primero,naranja,110,110,90,80,61,9.228,6.243,-20,"[""sin_clasificar""]",true,,sintetico_docente,1.0.0-demo
SIM-000280,naranja_primero,naranja,90,90,70,58,65,18.406,7.591,-20,"[""forma"",""fisica"",""contraste""]",true,,sintetico_docente,1.0.0-demo
SIM-000281,naranja_primero,naranja,90,90,70,66,61,5.301,7.881,-20,"[""fisica""]",true,,sintetico_docente,1.0.0-demo
SIM-000282,platano_primero,platano,50,70,50,60,58,8.032,6.657,-20,"[""fisica""]",true,,sintetico_docente,1.0.0-demo
SIM-000283,platano_primero,platano,70,90,70,67,54,5.110,14.281,-20,"[""forma""]",true,,sintetico_docente,1.0.0-demo
SIM-000284,naranja_primero,naranja,90,90,70,83,80,6.806,13.464,-20,"[""fisica""]",true,,sintetico_docente,1.0.0-demo
SIM-000285,naranja_primero,naranja,90,90,70,62,69,4.830,5.012,-20,"[""forma""]",true,,sintetico_docente,1.0.0-demo
SIM-000286,platano_primero,platano,70,110,70,82,71,5.770,12.512,-40,"[""forma""]",true,,sintetico_docente,1.0.0-demo
SIM-000287,platano_primero,platano,50,90,50,83,67,8.910,12.725,-40,"[""forma""]",true,,sintetico_docente,1.0.0-demo
SIM-000288,naranja_primero,naranja,70,70,50,69,69,6.112,11.377,-20,"[""forma""]",true,,sintetico_docente,1.0.0-demo
SIM-000289,naranja_primero,naranja,90,90,50,87,74,9.369,7.549,-40,"[""forma"",""contraste""]",true,,sintetico_docente,1.0.0-demo
SIM-000290,platano_primero,platano,90,130,90,72,72,9.741,11.448,-40,"[""forma"",""fisica"",""contraste""]",true,,sintetico_docente,1.0.0-demo
SIM-000291,naranja_primero,naranja,110,110,90,60,81,3.809,5.000,-20,"[""fisica""]",true,,sintetico_docente,1.0.0-demo
SIM-000292,platano_primero,platano,50,90,50,74,85,15.503,6.906,-40,"[""sin_clasificar""]",true,,sintetico_docente,1.0.0-demo
SIM-000293,naranja_primero,naranja,90,90,70,72,72,10.202,8.829,-20,"[""forma"",""contraste""]",true,,sintetico_docente,1.0.0-demo
SIM-000294,platano_primero,platano,70,90,70,74,83,4.018,4.126,-20,"[""forma""]",true,,sintetico_docente,1.0.0-demo
SIM-000295,platano_primero,platano,90,90,90,59,75,6.467,2.031,0,"[""forma"",""contraste""]",true,,sintetico_docente,1.0.0-demo
SIM-000296,naranja_primero,naranja,90,90,90,79,79,5.854,2.769,0,"[""forma""]",true,,sintetico_docente,1.0.0-demo
SIM-000297,naranja_primero,naranja,70,70,30,66,80,8.530,9.377,-40,"[""forma""]",true,,sintetico_docente,1.0.0-demo
SIM-000298,naranja_primero,naranja,70,70,50,74,50,3.892,6.387,-20,"[""fisica""]",true,,sintetico_docente,1.0.0-demo
SIM-000299,platano_primero,platano,50,90,50,64,64,8.971,5.940,-40,"[""forma""]",true,,sintetico_docente,1.0.0-demo
SIM-000300,platano_primero,platano,70,90,70,57,72,5.740,1.561,-20,"[""fisica""]",false,tiempo_segunda_menor_2,sintetico_docente,1.0.0-demo
SIM-000301,platano_primero,platano,50,110,50,61,72,8.878,10.337,-60,"[""forma""]",true,,sintetico_docente,1.0.0-demo
SIM-000302,naranja_primero,naranja,110,110,70,64,58,6.089,5.200,-40,"[""sin_clasificar""]",true,,sintetico_docente,1.0.0-demo
SIM-000303,naranja_primero,naranja,90,90,50,61,63,8.947,6.166,-40,"[""forma"",""contraste""]",true,,sintetico_docente,1.0.0-demo
SIM-000304,platano_primero,platano,70,90,70,67,75,5.159,6.100,-20,"[""forma"",""contraste""]",true,,sintetico_docente,1.0.0-demo
SIM-000305,naranja_primero,naranja,90,90,70,64,75,5.534,4.021,-20,"[""sin_clasificar""]",true,,sintetico_docente,1.0.0-demo
SIM-000306,platano_primero,platano,70,110,70,57,84,10.230,12.439,-40,"[""fisica""]",true,,sintetico_docente,1.0.0-demo
SIM-000307,platano_primero,platano,50,90,50,62,59,18.264,17.466,-40,"[""forma"",""contraste""]",true,,sintetico_docente,1.0.0-demo
SIM-000308,platano_primero,platano,70,90,70,94,82,5.539,13.994,-20,"[""forma""]",true,,sintetico_docente,1.0.0-demo
SIM-000309,naranja_primero,naranja,110,110,70,60,68,11.262,5.282,-40,"[""forma"",""contraste""]",true,,sintetico_docente,1.0.0-demo
SIM-000310,naranja_primero,naranja,90,90,70,53,49,10.784,10.180,-20,"[""forma""]",true,,sintetico_docente,1.0.0-demo
SIM-000311,platano_primero,platano,70,110,70,61,67,4.712,5.859,-40,"[""forma""]",true,,sintetico_docente,1.0.0-demo
SIM-000312,platano_primero,platano,90,90,90,73,58,3.988,9.100,0,"[""forma""]",true,,sintetico_docente,1.0.0-demo
SIM-000313,naranja_primero,naranja,110,110,70,57,57,6.691,10.857,-40,"[""forma"",""fisica"",""contraste""]",true,,sintetico_docente,1.0.0-demo
SIM-000314,platano_primero,platano,50,70,50,70,72,8.294,4.374,-20,"[""forma"",""contraste""]",true,,sintetico_docente,1.0.0-demo
SIM-000315,platano_primero,platano,50,110,50,49,73,3.470,5.776,-60,"[""fisica""]",true,,sintetico_docente,1.0.0-demo
SIM-000316,naranja_primero,naranja,90,90,50,84,80,11.442,13.197,-40,"[""forma"",""contraste""]",true,,sintetico_docente,1.0.0-demo
SIM-000317,platano_primero,platano,50,90,50,85,86,4.258,5.921,-40,"[""forma""]",true,,sintetico_docente,1.0.0-demo
SIM-000318,naranja_primero,naranja,110,110,130,72,57,7.195,7.011,20,"[""azar""]",true,,sintetico_docente,1.0.0-demo
SIM-000319,naranja_primero,naranja,90,90,70,72,79,8.985,7.387,-20,"[""forma""]",true,,sintetico_docente,1.0.0-demo
SIM-000320,naranja_primero,naranja,130,130,70,65,71,11.151,6.268,-60,"[""fisica""]",true,,sintetico_docente,1.0.0-demo
SIM-000321,naranja_primero,naranja,90,90,50,62,53,7.934,5.999,-40,"[""forma""]",true,,sintetico_docente,1.0.0-demo
SIM-000322,platano_primero,platano,70,110,70,60,50,4.989,5.125,-40,"[""sin_clasificar""]",true,,sintetico_docente,1.0.0-demo
SIM-000323,platano_primero,platano,50,90,50,75,70,8.540,11.598,-40,"[""forma""]",true,,sintetico_docente,1.0.0-demo
SIM-000324,platano_primero,platano,70,90,70,56,78,8.163,6.298,-20,"[""forma"",""fisica"",""contraste""]",true,,sintetico_docente,1.0.0-demo
SIM-000325,platano_primero,platano,70,90,70,66,64,5.856,5.913,-20,"[""forma""]",true,,sintetico_docente,1.0.0-demo
SIM-000326,naranja_primero,naranja,90,90,70,75,69,6.584,6.880,-20,"[""sin_clasificar""]",true,,sintetico_docente,1.0.0-demo
SIM-000327,naranja_primero,naranja,90,90,90,53,79,4.503,7.563,0,"[""forma"",""contraste""]",true,,sintetico_docente,1.0.0-demo
SIM-000328,naranja_primero,naranja,90,90,50,46,83,10.059,6.917,-40,"[""forma""]",true,,sintetico_docente,1.0.0-demo
SIM-000329,naranja_primero,naranja,110,110,70,60,68,5.934,1.415,-40,"[""forma"",""contraste""]",false,tiempo_segunda_menor_2,sintetico_docente,1.0.0-demo
SIM-000330,platano_primero,platano,90,90,90,72,57,4.772,4.023,0,"[""forma"",""contraste""]",true,,sintetico_docente,1.0.0-demo
SIM-000331,platano_primero,platano,70,110,70,77,79,6.382,15.935,-40,"[""forma""]",true,,sintetico_docente,1.0.0-demo
SIM-000332,platano_primero,platano,50,70,50,62,64,8.682,9.046,-20,"[""fisica""]",true,,sintetico_docente,1.0.0-demo
SIM-000333,naranja_primero,naranja,110,110,70,67,73,7.812,5.831,-40,"[""sin_clasificar""]",true,,sintetico_docente,1.0.0-demo
SIM-000334,naranja_primero,naranja,110,110,90,91,81,8.607,4.181,-20,"[""forma"",""fisica"",""contraste""]",true,,sintetico_docente,1.0.0-demo
SIM-000335,platano_primero,platano,70,110,70,45,68,5.802,7.630,-40,"[""sin_clasificar""]",true,,sintetico_docente,1.0.0-demo
SIM-000336,naranja_primero,naranja,90,90,70,79,81,4.011,4.100,-20,"[""forma"",""contraste""]",true,,sintetico_docente,1.0.0-demo
SIM-000337,platano_primero,platano,70,90,70,58,63,4.836,9.900,-20,"[""forma"",""contraste""]",true,,sintetico_docente,1.0.0-demo
SIM-000338,naranja_primero,naranja,110,110,70,67,73,5.642,8.417,-40,"[""forma""]",true,,sintetico_docente,1.0.0-demo
SIM-000339,naranja_primero,naranja,70,70,50,91,70,10.354,6.185,-20,"[""forma"",""contraste""]",true,,sintetico_docente,1.0.0-demo
SIM-000340,platano_primero,platano,50,70,50,58,59,7.373,5.043,-20,"[""forma""]",true,,sintetico_docente,1.0.0-demo
SIM-000341,naranja_primero,naranja,50,50,50,70,86,7.366,8.751,0,"[""azar""]",true,,sintetico_docente,1.0.0-demo
SIM-000342,platano_primero,platano,70,90,70,68,72,11.356,11.835,-20,"[""forma"",""contraste""]",true,,sintetico_docente,1.0.0-demo
SIM-000343,naranja_primero,naranja,90,90,50,58,63,7.477,11.254,-40,"[""forma"",""contraste""]",true,,sintetico_docente,1.0.0-demo
SIM-000344,naranja_primero,naranja,90,90,50,97,72,10.575,10.591,-40,"[""sin_clasificar""]",true,,sintetico_docente,1.0.0-demo
SIM-000345,naranja_primero,naranja,70,70,70,83,87,3.560,8.109,0,"[""azar""]",true,,sintetico_docente,1.0.0-demo
SIM-000346,platano_primero,platano,30,50,30,71,63,1.634,4.108,-20,"[""forma""]",false,tiempo_primera_menor_2,sintetico_docente,1.0.0-demo
SIM-000347,naranja_primero,naranja,90,90,50,67,71,11.791,8.698,-40,"[""azar""]",true,,sintetico_docente,1.0.0-demo
SIM-000348,platano_primero,platano,90,70,90,77,71,6.889,6.103,20,"[""forma"",""contraste""]",true,,sintetico_docente,1.0.0-demo
SIM-000349,platano_primero,platano,70,90,70,49,67,4.847,5.283,-20,"[""forma""]",true,,sintetico_docente,1.0.0-demo
SIM-000350,platano_primero,platano,70,70,70,60,64,7.346,6.294,0,"[""sin_clasificar""]",true,,sintetico_docente,1.0.0-demo
SIM-000351,platano_primero,platano,70,110,70,66,95,2.793,9.463,-40,"[""fisica""]",true,,sintetico_docente,1.0.0-demo
SIM-000352,platano_primero,platano,50,90,50,78,71,6.019,9.710,-40,"[""forma""]",true,,sintetico_docente,1.0.0-demo
SIM-000353,naranja_primero,naranja,110,110,70,86,80,7.283,8.204,-40,"[""forma"",""contraste""]",true,,sintetico_docente,1.0.0-demo
SIM-000354,naranja_primero,naranja,90,90,50,61,95,9.405,6.917,-40,"[""forma"",""contraste""]",true,,sintetico_docente,1.0.0-demo
SIM-000355,platano_primero,platano,70,110,70,81,81,6.528,8.301,-40,"[""fisica""]",true,,sintetico_docente,1.0.0-demo
SIM-000356,naranja_primero,naranja,90,90,70,68,73,7.891,6.709,-20,"[""forma""]",true,,sintetico_docente,1.0.0-demo
SIM-000357,platano_primero,platano,70,110,70,74,82,8.254,7.026,-40,"[""forma"",""fisica"",""contraste""]",true,,sintetico_docente,1.0.0-demo
SIM-000358,platano_primero,platano,70,90,70,71,87,7.599,4.305,-20,"[""forma"",""contraste""]",true,,sintetico_docente,1.0.0-demo
SIM-000359,naranja_primero,naranja,110,110,90,74,69,9.713,5.443,-20,"[""forma"",""contraste""]",true,,sintetico_docente,1.0.0-demo
SIM-000360,naranja_primero,naranja,110,110,70,82,69,4.297,9.201,-40,"[""forma""]",true,,sintetico_docente,1.0.0-demo
SIM-000361,platano_primero,platano,50,90,50,67,91,7.511,5.636,-40,"[""forma""]",true,,sintetico_docente,1.0.0-demo
SIM-000362,platano_primero,platano,50,110,50,73,62,9.535,6.156,-60,"[""fisica""]",true,,sintetico_docente,1.0.0-demo
SIM-000363,naranja_primero,naranja,70,70,50,62,59,10.419,8.048,-20,"[""sin_clasificar""]",true,,sintetico_docente,1.0.0-demo
SIM-000364,naranja_primero,naranja,90,90,90,72,62,1.488,7.270,0,"[""sin_clasificar""]",false,tiempo_primera_menor_2,sintetico_docente,1.0.0-demo
SIM-000365,platano_primero,platano,70,90,70,51,90,5.241,7.290,-20,"[""forma""]",true,,sintetico_docente,1.0.0-demo
SIM-000366,naranja_primero,naranja,110,110,70,82,81,8.567,6.410,-40,"[""forma"",""contraste""]",true,,sintetico_docente,1.0.0-demo
SIM-000367,naranja_primero,naranja,90,90,50,73,68,8.994,5.154,-40,"[""forma""]",true,,sintetico_docente,1.0.0-demo
SIM-000368,platano_primero,platano,70,90,70,70,76,4.674,6.958,-20,"[""forma"",""contraste""]",true,,sintetico_docente,1.0.0-demo
SIM-000369,platano_primero,platano,50,90,50,65,73,4.689,2.824,-40,"[""forma"",""contraste""]",true,,sintetico_docente,1.0.0-demo
SIM-000370,naranja_primero,naranja,90,90,50,82,69,7.641,5.736,-40,"[""forma""]",true,,sintetico_docente,1.0.0-demo
SIM-000371,naranja_primero,naranja,110,110,90,73,46,7.106,11.999,-20,"[""forma""]",true,,sintetico_docente,1.0.0-demo
SIM-000372,platano_primero,platano,110,110,110,77,76,7.344,9.294,0,"[""forma""]",true,,sintetico_docente,1.0.0-demo
SIM-000373,platano_primero,platano,70,90,70,73,97,3.738,4.169,-20,"[""forma""]",true,,sintetico_docente,1.0.0-demo
SIM-000374,platano_primero,platano,90,110,90,59,72,10.928,6.622,-20,"[""forma"",""contraste""]",true,,sintetico_docente,1.0.0-demo
SIM-000375,naranja_primero,naranja,70,70,70,57,100,11.938,10.552,0,"[""azar""]",true,,sintetico_docente,1.0.0-demo
SIM-000376,naranja_primero,naranja,110,110,70,51,65,9.778,14.273,-40,"[""fisica""]",true,,sintetico_docente,1.0.0-demo
SIM-000377,naranja_primero,naranja,70,70,50,72,53,8.533,6.441,-20,"[""forma""]",true,,sintetico_docente,1.0.0-demo
SIM-000378,naranja_primero,naranja,90,90,70,81,61,7.258,7.321,-20,"[""forma""]",true,,sintetico_docente,1.0.0-demo
SIM-000379,platano_primero,platano,50,70,50,66,76,6.907,7.800,-20,"[""forma"",""contraste""]",true,,sintetico_docente,1.0.0-demo
SIM-000380,platano_primero,platano,50,90,50,87,65,3.414,12.393,-40,"[""forma""]",true,,sintetico_docente,1.0.0-demo
SIM-000381,platano_primero,platano,90,110,90,61,90,7.571,6.275,-20,"[""forma"",""fisica"",""contraste""]",true,,sintetico_docente,1.0.0-demo
SIM-000382,naranja_primero,naranja,110,110,90,65,76,4.616,5.862,-20,"[""sin_clasificar""]",true,,sintetico_docente,1.0.0-demo
SIM-000383,platano_primero,platano,90,90,90,73,73,24.041,6.485,0,"[""forma""]",true,,sintetico_docente,1.0.0-demo
SIM-000384,naranja_primero,naranja,90,90,70,70,61,7.841,2.707,-20,"[""fisica""]",true,,sintetico_docente,1.0.0-demo
SIM-000385,platano_primero,platano,50,90,50,65,65,4.939,15.048,-40,"[""fisica""]",true,,sintetico_docente,1.0.0-demo
SIM-000386,naranja_primero,naranja,90,90,50,74,66,6.593,4.030,-40,"[""sin_clasificar""]",true,,sintetico_docente,1.0.0-demo
SIM-000387,platano_primero,platano,90,110,90,70,79,16.592,12.127,-20,"[""sin_clasificar""]",true,,sintetico_docente,1.0.0-demo
SIM-000388,naranja_primero,naranja,90,90,50,63,69,2.893,5.811,-40,"[""forma"",""contraste""]",true,,sintetico_docente,1.0.0-demo
SIM-000389,naranja_primero,naranja,90,90,70,76,69,4.192,5.637,-20,"[""fisica""]",true,,sintetico_docente,1.0.0-demo
SIM-000390,platano_primero,platano,50,110,50,70,55,5.344,1.707,-60,"[""forma""]",false,tiempo_segunda_menor_2,sintetico_docente,1.0.0-demo
SIM-000391,naranja_primero,naranja,90,90,50,73,81,5.061,7.185,-40,"[""forma"",""contraste""]",true,,sintetico_docente,1.0.0-demo
SIM-000392,naranja_primero,naranja,90,90,90,70,85,5.841,7.831,0,"[""forma"",""contraste""]",true,,sintetico_docente,1.0.0-demo
SIM-000393,platano_primero,platano,90,110,90,82,75,21.265,4.112,-20,"[""forma"",""contraste""]",true,,sintetico_docente,1.0.0-demo
SIM-000394,naranja_primero,naranja,90,90,70,100,75,4.707,6.908,-20,"[""forma"",""contraste""]",true,,sintetico_docente,1.0.0-demo
SIM-000395,platano_primero,platano,70,70,70,37,68,7.586,12.170,0,"[""fisica""]",true,,sintetico_docente,1.0.0-demo
SIM-000396,naranja_primero,naranja,90,90,70,70,69,15.671,13.054,-20,"[""forma""]",true,,sintetico_docente,1.0.0-demo
SIM-000397,platano_primero,platano,50,110,50,71,58,5.876,4.941,-60,"[""azar""]",true,,sintetico_docente,1.0.0-demo
SIM-000398,platano_primero,platano,70,110,70,77,77,6.418,6.270,-40,"[""forma"",""contraste""]",true,,sintetico_docente,1.0.0-demo
SIM-000399,platano_primero,platano,70,110,70,64,73,7.760,10.366,-40,"[""forma""]",true,,sintetico_docente,1.0.0-demo
SIM-000400,naranja_primero,naranja,50,50,50,67,82,13.075,6.559,0,"[""forma""]",true,,sintetico_docente,1.0.0-demo
SIM-000401,platano_primero,platano,50,90,50,75,52,9.904,10.895,-40,"[""forma"",""fisica"",""contraste""]",true,,sintetico_docente,1.0.0-demo
SIM-000402,naranja_primero,naranja,110,110,90,73,76,5.956,5.910,-20,"[""azar""]",true,,sintetico_docente,1.0.0-demo
SIM-000403,platano_primero,platano,90,110,90,81,44,9.941,7.055,-20,"[""forma"",""contraste""]",true,,sintetico_docente,1.0.0-demo
SIM-000404,platano_primero,platano,70,90,70,79,57,6.598,4.455,-20,"[""forma""]",true,,sintetico_docente,1.0.0-demo
SIM-000405,platano_primero,platano,90,90,90,68,71,14.093,7.338,0,"[""forma"",""contraste""]",true,,sintetico_docente,1.0.0-demo
SIM-000406,naranja_primero,naranja,110,110,90,77,55,12.357,5.581,-20,"[""sin_clasificar""]",true,,sintetico_docente,1.0.0-demo
SIM-000407,naranja_primero,naranja,90,90,50,80,69,10.401,6.409,-40,"[""forma""]",true,,sintetico_docente,1.0.0-demo
SIM-000408,platano_primero,platano,70,110,70,85,77,4.270,6.438,-40,"[""forma"",""fisica"",""contraste""]",true,,sintetico_docente,1.0.0-demo
SIM-000409,naranja_primero,naranja,130,130,70,62,53,5.445,8.530,-60,"[""sin_clasificar""]",true,,sintetico_docente,1.0.0-demo
SIM-000410,naranja_primero,naranja,130,130,110,63,59,7.858,1.561,-20,"[""forma"",""contraste""]",false,tiempo_segunda_menor_2,sintetico_docente,1.0.0-demo
SIM-000411,naranja_primero,naranja,90,90,70,53,71,5.744,3.834,-20,"[""forma"",""contraste""]",true,,sintetico_docente,1.0.0-demo
SIM-000412,naranja_primero,naranja,90,90,70,73,62,6.458,14.502,-20,"[""forma""]",true,,sintetico_docente,1.0.0-demo
SIM-000413,platano_primero,platano,70,110,70,55,73,8.064,7.578,-40,"[""forma""]",true,,sintetico_docente,1.0.0-demo
SIM-000414,naranja_primero,naranja,50,50,30,76,75,1.634,6.526,-20,"[""forma"",""contraste""]",false,tiempo_primera_menor_2,sintetico_docente,1.0.0-demo
SIM-000415,platano_primero,platano,90,110,90,85,42,5.990,8.327,-20,"[""forma"",""contraste""]",true,,sintetico_docente,1.0.0-demo
SIM-000416,platano_primero,platano,50,90,50,77,65,11.996,11.676,-40,"[""forma""]",true,,sintetico_docente,1.0.0-demo
SIM-000417,platano_primero,platano,50,110,50,64,88,6.021,10.415,-60,"[""forma""]",true,,sintetico_docente,1.0.0-demo
SIM-000418,naranja_primero,naranja,110,110,70,58,68,3.336,6.595,-40,"[""sin_clasificar""]",true,,sintetico_docente,1.0.0-demo
SIM-000419,naranja_primero,naranja,90,90,50,61,68,7.100,9.305,-40,"[""fisica""]",true,,sintetico_docente,1.0.0-demo
SIM-000420,platano_primero,platano,70,110,70,65,62,9.601,9.061,-40,"[""forma"",""contraste""]",true,,sintetico_docente,1.0.0-demo
SIM-000421,naranja_primero,naranja,90,90,70,88,71,7.774,6.852,-20,"[""forma""]",true,,sintetico_docente,1.0.0-demo
SIM-000422,platano_primero,platano,70,90,70,61,77,8.188,7.012,-20,"[""sin_clasificar""]",true,,sintetico_docente,1.0.0-demo
SIM-000423,platano_primero,platano,50,70,50,50,59,7.662,8.907,-20,"[""fisica""]",true,,sintetico_docente,1.0.0-demo
SIM-000424,platano_primero,platano,70,110,70,73,72,8.450,5.970,-40,"[""forma"",""contraste""]",true,,sintetico_docente,1.0.0-demo
SIM-000425,naranja_primero,naranja,90,90,70,64,94,4.947,7.843,-20,"[""sin_clasificar""]",true,,sintetico_docente,1.0.0-demo
SIM-000426,platano_primero,platano,90,90,90,83,81,13.570,4.092,0,"[""forma"",""contraste""]",true,,sintetico_docente,1.0.0-demo
SIM-000427,naranja_primero,naranja,130,130,90,57,65,6.593,7.781,-40,"[""forma""]",true,,sintetico_docente,1.0.0-demo
SIM-000428,naranja_primero,naranja,50,50,50,81,80,5.137,6.670,0,"[""forma"",""contraste""]",true,,sintetico_docente,1.0.0-demo
SIM-000429,naranja_primero,naranja,110,110,90,56,100,7.009,6.219,-20,"[""forma"",""contraste""]",true,,sintetico_docente,1.0.0-demo
SIM-000430,platano_primero,platano,50,90,50,100,69,3.679,8.819,-40,"[""forma""]",true,,sintetico_docente,1.0.0-demo
SIM-000431,platano_primero,platano,50,110,50,75,67,7.127,7.395,-60,"[""forma"",""contraste""]",true,,sintetico_docente,1.0.0-demo
SIM-000432,platano_primero,platano,90,110,90,55,74,11.153,14.404,-20,"[""azar""]",true,,sintetico_docente,1.0.0-demo
SIM-000433,platano_primero,platano,70,110,70,58,66,8.040,10.379,-40,"[""forma""]",true,,sintetico_docente,1.0.0-demo
SIM-000434,naranja_primero,naranja,110,110,70,57,85,5.580,9.495,-40,"[""forma""]",true,,sintetico_docente,1.0.0-demo
SIM-000435,platano_primero,platano,90,110,90,74,83,10.160,6.032,-20,"[""forma"",""contraste""]",true,,sintetico_docente,1.0.0-demo
SIM-000436,naranja_primero,naranja,110,110,70,79,74,11.836,7.712,-40,"[""sin_clasificar""]",true,,sintetico_docente,1.0.0-demo
SIM-000437,platano_primero,platano,50,70,50,71,78,9.159,6.289,-20,"[""sin_clasificar""]",true,,sintetico_docente,1.0.0-demo
SIM-000438,naranja_primero,naranja,90,90,70,79,54,4.597,4.072,-20,"[""forma""]",true,,sintetico_docente,1.0.0-demo
SIM-000439,naranja_primero,naranja,70,70,70,92,68,12.623,5.213,0,"[""forma""]",true,,sintetico_docente,1.0.0-demo
SIM-000440,naranja_primero,naranja,90,90,50,69,87,6.143,4.996,-40,"[""forma"",""contraste""]",true,,sintetico_docente,1.0.0-demo
SIM-000441,naranja_primero,naranja,70,70,30,70,66,10.325,5.270,-40,"[""forma""]",true,,sintetico_docente,1.0.0-demo
SIM-000442,platano_primero,platano,90,110,90,68,64,6.233,4.232,-20,"[""azar""]",true,,sintetico_docente,1.0.0-demo
SIM-000443,platano_primero,platano,90,90,90,63,80,7.256,8.399,0,"[""forma"",""contraste""]",true,,sintetico_docente,1.0.0-demo
SIM-000444,naranja_primero,naranja,110,110,90,61,53,11.012,5.984,-20,"[""sin_clasificar""]",true,,sintetico_docente,1.0.0-demo
SIM-000445,platano_primero,platano,70,110,70,76,83,6.811,6.364,-40,"[""forma""]",true,,sintetico_docente,1.0.0-demo
SIM-000446,naranja_primero,naranja,90,90,50,70,100,5.875,2.156,-40,"[""forma"",""contraste""]",true,,sintetico_docente,1.0.0-demo
SIM-000447,naranja_primero,naranja,90,90,70,72,59,5.201,9.800,-20,"[""forma""]",true,,sintetico_docente,1.0.0-demo
SIM-000448,platano_primero,platano,70,110,70,65,60,6.969,8.075,-40,"[""forma""]",true,,sintetico_docente,1.0.0-demo
SIM-000449,naranja_primero,naranja,110,110,70,77,85,10.801,3.716,-40,"[""forma"",""contraste""]",true,,sintetico_docente,1.0.0-demo
SIM-000450,platano_primero,platano,90,110,90,73,80,6.871,2.738,-20,"[""forma""]",true,,sintetico_docente,1.0.0-demo
SIM-000451,naranja_primero,naranja,90,90,70,76,81,6.791,4.425,-20,"[""forma""]",true,,sintetico_docente,1.0.0-demo
SIM-000452,platano_primero,platano,50,90,50,77,68,12.248,10.599,-40,"[""forma""]",true,,sintetico_docente,1.0.0-demo
SIM-000453,naranja_primero,naranja,90,90,70,79,59,6.493,1.707,-20,"[""sin_clasificar""]",false,tiempo_segunda_menor_2,sintetico_docente,1.0.0-demo
SIM-000454,platano_primero,platano,50,110,50,65,44,4.035,7.755,-60,"[""forma""]",true,,sintetico_docente,1.0.0-demo
SIM-000455,platano_primero,platano,70,70,70,68,78,5.896,9.011,0,"[""sin_clasificar""]",true,,sintetico_docente,1.0.0-demo
SIM-000456,platano_primero,platano,70,70,70,77,83,6.909,7.316,0,"[""forma"",""contraste""]",true,,sintetico_docente,1.0.0-demo
SIM-000457,platano_primero,platano,70,90,70,64,64,5.984,7.008,-20,"[""forma""]",true,,sintetico_docente,1.0.0-demo
SIM-000458,naranja_primero,naranja,90,90,50,83,44,12.273,4.543,-40,"[""forma""]",true,,sintetico_docente,1.0.0-demo
SIM-000459,naranja_primero,naranja,110,110,70,81,42,8.354,5.720,-40,"[""forma"",""contraste""]",true,,sintetico_docente,1.0.0-demo
SIM-000460,naranja_primero,naranja,70,70,70,78,63,9.087,4.995,0,"[""forma"",""contraste""]",true,,sintetico_docente,1.0.0-demo
SIM-000461,platano_primero,platano,30,70,30,73,58,5.906,7.210,-40,"[""forma"",""contraste""]",true,,sintetico_docente,1.0.0-demo
SIM-000462,platano_primero,platano,70,110,70,54,60,6.932,3.753,-40,"[""sin_clasificar""]",true,,sintetico_docente,1.0.0-demo
SIM-000463,platano_primero,platano,90,110,90,64,76,5.636,4.261,-20,"[""forma""]",true,,sintetico_docente,1.0.0-demo
SIM-000464,naranja_primero,naranja,70,70,50,82,75,3.743,6.558,-20,"[""forma"",""contraste""]",true,,sintetico_docente,1.0.0-demo
SIM-000465,platano_primero,platano,50,90,50,71,75,6.366,4.902,-40,"[""forma"",""contraste""]",true,,sintetico_docente,1.0.0-demo
SIM-000466,naranja_primero,naranja,70,70,50,65,63,5.316,9.497,-20,"[""forma"",""contraste""]",true,,sintetico_docente,1.0.0-demo
SIM-000467,platano_primero,platano,90,110,90,65,41,8.139,7.156,-20,"[""forma""]",true,,sintetico_docente,1.0.0-demo
SIM-000468,naranja_primero,naranja,110,110,70,63,68,10.487,8.331,-40,"[""forma""]",true,,sintetico_docente,1.0.0-demo
SIM-000469,naranja_primero,naranja,90,90,90,100,73,6.380,9.142,0,"[""forma""]",true,,sintetico_docente,1.0.0-demo
SIM-000470,naranja_primero,naranja,70,70,70,62,80,5.301,6.136,0,"[""fisica""]",true,,sintetico_docente,1.0.0-demo
SIM-000471,platano_primero,platano,50,70,50,70,54,5.190,3.326,-20,"[""sin_clasificar""]",true,,sintetico_docente,1.0.0-demo
SIM-000472,naranja_primero,naranja,70,70,50,70,79,8.756,4.147,-20,"[""azar""]",true,,sintetico_docente,1.0.0-demo
SIM-000473,platano_primero,platano,70,110,70,66,63,8.046,6.321,-40,"[""fisica""]",true,,sintetico_docente,1.0.0-demo
SIM-000474,naranja_primero,naranja,70,70,30,66,47,8.106,7.145,-40,"[""fisica""]",true,,sintetico_docente,1.0.0-demo
SIM-000475,platano_primero,platano,70,90,70,78,76,13.780,8.286,-20,"[""fisica""]",true,,sintetico_docente,1.0.0-demo
SIM-000476,naranja_primero,naranja,90,90,50,51,72,3.619,7.026,-40,"[""forma""]",true,,sintetico_docente,1.0.0-demo
SIM-000477,naranja_primero,naranja,110,110,70,68,70,9.867,8.002,-40,"[""forma""]",true,,sintetico_docente,1.0.0-demo
SIM-000478,platano_primero,platano,110,110,110,75,50,4.915,6.112,0,"[""forma""]",true,,sintetico_docente,1.0.0-demo
SIM-000479,naranja_primero,naranja,90,90,30,76,65,8.450,11.344,-60,"[""forma""]",true,,sintetico_docente,1.0.0-demo
SIM-000480,platano_primero,platano,90,110,90,73,63,6.833,5.952,-20,"[""forma""]",true,,sintetico_docente,1.0.0-demo
SIM-000481,platano_primero,platano,50,90,50,92,69,5.207,5.009,-40,"[""forma"",""contraste""]",true,,sintetico_docente,1.0.0-demo
SIM-000482,naranja_primero,naranja,70,70,50,76,78,4.972,7.608,-20,"[""forma"",""contraste""]",true,,sintetico_docente,1.0.0-demo
SIM-000483,naranja_primero,naranja,90,90,70,84,69,3.941,13.595,-20,"[""forma""]",true,,sintetico_docente,1.0.0-demo
SIM-000484,platano_primero,platano,70,110,70,61,72,18.745,8.919,-40,"[""forma"",""contraste""]",true,,sintetico_docente,1.0.0-demo
SIM-000485,platano_primero,platano,70,110,70,30,85,15.114,4.265,-40,"[""azar""]",true,,sintetico_docente,1.0.0-demo
SIM-000486,platano_primero,platano,90,90,90,67,70,10.735,4.944,0,"[""forma"",""contraste""]",true,,sintetico_docente,1.0.0-demo
SIM-000487,naranja_primero,naranja,90,90,70,53,70,6.783,9.895,-20,"[""sin_clasificar""]",true,,sintetico_docente,1.0.0-demo
SIM-000488,platano_primero,platano,70,90,70,78,57,5.002,15.537,-20,"[""forma""]",true,,sintetico_docente,1.0.0-demo
SIM-000489,naranja_primero,naranja,90,90,50,69,64,16.857,5.357,-40,"[""forma"",""fisica"",""contraste""]",true,,sintetico_docente,1.0.0-demo
SIM-000490,naranja_primero,naranja,90,90,50,45,70,4.848,7.400,-40,"[""forma""]",true,,sintetico_docente,1.0.0-demo
SIM-000491,naranja_primero,naranja,70,70,70,52,66,6.001,4.942,0,"[""forma"",""contraste""]",true,,sintetico_docente,1.0.0-demo
SIM-000492,naranja_primero,naranja,70,70,50,80,79,6.002,6.947,-20,"[""forma"",""fisica"",""contraste""]",true,,sintetico_docente,1.0.0-demo
SIM-000493,naranja_primero,naranja,70,70,50,65,49,5.526,7.961,-20,"[""forma""]",true,,sintetico_docente,1.0.0-demo
SIM-000494,platano_primero,platano,70,90,70,78,74,4.970,9.555,-20,"[""sin_clasificar""]",true,,sintetico_docente,1.0.0-demo
SIM-000495,platano_primero,platano,90,110,90,73,62,5.214,3.702,-20,"[""forma"",""contraste""]",true,,sintetico_docente,1.0.0-demo
SIM-000496,platano_primero,platano,70,110,70,72,68,8.982,6.767,-40,"[""forma"",""fisica"",""contraste""]",true,,sintetico_docente,1.0.0-demo
SIM-000497,platano_primero,platano,90,110,90,85,74,7.226,10.411,-20,"[""forma""]",true,,sintetico_docente,1.0.0-demo
SIM-000498,naranja_primero,naranja,90,90,90,61,67,7.836,7.764,0,"[""sin_clasificar""]",true,,sintetico_docente,1.0.0-demo
SIM-000499,platano_primero,platano,50,70,50,78,69,2.920,7.706,-20,"[""sin_clasificar""]",true,,sintetico_docente,1.0.0-demo
SIM-000500,naranja_primero,naranja,110,110,90,71,74,6.143,9.008,-20,"[""forma""]",true,,sintetico_docente,1.0.0-demo
