nombre_ascii,tipo,rango_o_categorias,procedencia,capas,acceso,transformacion,uso,publicabilidad
"PROLIFIC_PID","string nullable","ID asignado por Prolific; nulo en simulacion sin plataforma","Parametro de URL de Prolific","bruta; restringida para pagos","custodio y responsable de pagos","Normalizar espacios; generar participante_hmac con HMAC-SHA-256; no copiar a analitica","Control de duplicados; retirada; pago","NO: identificador de plataforma"
"STUDY_ID","string nullable","ID de estudio Prolific; nulo en simulacion sin plataforma","Parametro de URL de Prolific","bruta","custodio","Normalizar espacios; generar study_hmac con dominio propio","Auditoria de procedencia","NO: identificador de plataforma"
"SESSION_ID","string nullable","ID de sesion Prolific; nulo en simulacion sin plataforma","Parametro de URL de Prolific","bruta; restringida","custodio","Normalizar espacios; generar session_hmac con dominio propio","Idempotencia y enlace local con finalizacion","NO: identificador de plataforma"
"modo","string","docente","Parametro de URL o configuracion de la aplicacion","bruta","custodio; equipo tecnico","Validar valor constante","Impedir confundir la demostracion con produccion","NO: control interno"
"registro_id","string","Interno UUID en captura; publico SIM-000001..SIM-000500","Servidor o generador sintetico","bruta; restringida; analitica; publica sintetica","segun capa","Para publico sintetico se genera desde el indice de simulacion; nunca desde IDs Prolific","Clave de fila y trazabilidad del pipeline","SI solo como ID sintetico sin enlace"
"indice_asignacion","integer","0 o mayor; unico","Servidor de aleatorizacion","bruta; restringida","custodio y equipo tecnico","Reservar atomicamente; no reutilizar tras abandono","Auditar secuencia 1:1","NO: revela secuencia operativa"
"participante_hmac","string","64 caracteres hexadecimales","Derivada de PROLIFIC_PID","restringida","custodio; responsable de retirada","HMAC-SHA-256 con prefijo PROLIFIC_PID y secreto externo","Seudonimo para deduplicacion y retirada","NO: identificador enlazable"
"study_hmac","string","64 caracteres hexadecimales","Derivada de STUDY_ID","restringida","custodio","HMAC-SHA-256 con prefijo STUDY_ID y secreto externo","Auditoria de procedencia sin ID bruto","NO: identificador enlazable"
"session_hmac","string","64 caracteres hexadecimales","Derivada de SESSION_ID","restringida","custodio","HMAC-SHA-256 con prefijo SESSION_ID y secreto externo","Idempotencia y enlace restringido","NO: identificador enlazable"
"hmac_version","string","v1 o version posterior documentada","Configuracion del servidor","restringida","custodio","Asignar al crear cualquier HMAC","Rotacion y auditoria de claves","NO: metadato de seguridad"
"consentimiento","boolean","true; false","Formulario previo","bruta; restringida","custodio","Sin transformacion; solo true permite aleatorizar","Prueba de autorizacion para participar","NO: dato de proceso individual"
"edad_18_mas","boolean","true; false","Autodeclaracion de elegibilidad","bruta; restringida","custodio","Sin transformacion; no se recoge edad exacta","Elegibilidad minimizada","NO: elegibilidad individual"
"permiso_vigente","boolean","true; false","Autodeclaracion de elegibilidad","bruta; restringida","custodio","Sin transformacion; no se recoge numero ni pais","Elegibilidad como conductor adulto","NO: elegibilidad individual"
"comprende_espanol","boolean","true; false","Autodeclaracion de elegibilidad","bruta; restringida","custodio","Sin transformacion","Comprobar comprension de instrucciones","NO: elegibilidad individual"
"no_conduce_ahora","boolean","true; false","Confirmacion previa","bruta; restringida","custodio","Sin transformacion","Seguridad durante la tarea","NO: dato de proceso individual"
"orden","string","naranja_primero; platano_primero","Asignacion aleatoria del servidor","bruta; restringida; analitica; publica sintetica","segun capa","Validar contra indice y simbolo_primero","Brazo entre sujetos; ajuste de orden","SI solo sintetico_docente"
"simbolo_primero","string","naranja; platano","Derivada de orden","bruta; restringida; analitica; publica sintetica","segun capa","naranja_primero a naranja; platano_primero a platano","Definir resultado primario","SI solo sintetico_docente"
"velocidad_primera_kmh","integer","30; 50; 70; 90; 110; 130","Primera pantalla experimental","bruta; restringida; analitica; publica sintetica","segun capa","Copiar la velocidad de la fruta mostrada primero; validar pertenencia","Resultado confirmatorio","SI solo sintetico_docente"
"velocidad_naranja_kmh","integer","30; 50; 70; 90; 110; 130","Pantalla donde aparece naranja","bruta; restringida; analitica; publica sintetica","segun capa","Mapear desde pantalla segun orden; no inferir por magnitud","Analisis dentro del sujeto y regresion","SI solo sintetico_docente"
"velocidad_platano_kmh","integer","30; 50; 70; 90; 110; 130","Pantalla donde aparece platano","bruta; restringida; analitica; publica sintetica","segun capa","Mapear desde pantalla segun orden; no inferir por magnitud","Analisis dentro del sujeto y regresion","SI solo sintetico_docente"
"confianza_naranja","integer","0..100","Respuesta explicita tras naranja","bruta; restringida; analitica; publica sintetica","segun capa","Validar entero; mapear desde pantalla segun orden","Calibracion y analisis secundario","SI solo sintetico_docente"
"confianza_platano","integer","0..100","Respuesta explicita tras platano","bruta; restringida; analitica; publica sintetica","segun capa","Validar entero; mapear desde pantalla segun orden","Calibracion y analisis secundario","SI solo sintetico_docente"
"tiempo_primera_s","number","0 o mayor; precision de milisegundos","Diferencia monotona entre render y envio valido de pantalla 1","bruta; restringida; analitica; publica sintetica","segun capa","Restar marcas monotonicamente; no redondear antes de excluir","Regla de speeder y descripcion","SI solo sintetico_docente; no es timestamp"
"tiempo_segunda_s","number","0 o mayor; precision de milisegundos","Diferencia monotona entre render y envio valido de pantalla 2","bruta; restringida; analitica; publica sintetica","segun capa","Restar marcas monotonicamente; no redondear antes de excluir","Regla de speeder y descripcion","SI solo sintetico_docente; no es timestamp"
"respuesta_abierta","string nullable","0..1000 caracteres Unicode","Campo opcional final","bruta; restringida","custodio y analista de texto autorizado","Normalizar copia de trabajo; clasificar por Regex; revisar posibles datos personales","Generar categoria_motivo y control cualitativo","NO: texto libre potencialmente identificable"
"inicio_utc","datetime nullable","ISO 8601 UTC exacto","Servidor al crear el registro","bruta; restringida","custodio","Conservar exacto solo en restringida","Auditoria de sesion","NO: timestamp exacto"
"primera_render_utc","datetime nullable","ISO 8601 UTC exacto","Servidor o cliente validado al renderizar pantalla 1","bruta; restringida","custodio","Usar para auditoria; no exportar","Control tecnico del primer tiempo","NO: timestamp exacto"
"segunda_render_utc","datetime nullable","ISO 8601 UTC exacto","Servidor o cliente validado al renderizar pantalla 2","bruta; restringida","custodio","Usar para auditoria; no exportar","Control tecnico del segundo tiempo","NO: timestamp exacto"
"fin_utc","datetime nullable","ISO 8601 UTC exacto","Servidor tras escritura final","bruta; restringida","custodio","Conservar exacto solo en restringida","Auditoria de completitud y redireccion","NO: timestamp exacto"
"diferencia_platano_menos_naranja","integer","-100; -80; -60; -40; -20; 0; 20; 40; 60; 80; 100","Derivada de las dos velocidades","analitica; publica sintetica","equipo analitico; publico si sintetico","velocidad_platano_kmh menos velocidad_naranja_kmh","Resultado secundario dentro del sujeto","SI solo sintetico_docente"
"categoria_motivo","array de strings","forma; color; fisica; cultura; contraste; azar; sin_clasificar; lista vacia","Derivada de respuesta_abierta","analitica; publica sintetica","equipo analitico; publico si sintetico","Normalizacion Unicode y Regex congeladas; multietiqueta unica y ordenada","Resumen exploratorio sin publicar texto","SI solo sintetico_docente"
"incluida","boolean","true; false","Derivada por pipeline","analitica; publica sintetica","equipo analitico; publico si sintetico","false si cualquier tiempo es menor que 2.0 o aplica otra regla cerrada","Seleccion del conjunto confirmatorio","SI solo sintetico_docente"
"motivo_exclusion","string nullable","tiempo_primera_menor_2; tiempo_segunda_menor_2; tiempos_ambos_menor_2; incompleto; duplicado_posterior; null","Derivada por pipeline","analitica; publica sintetica","equipo analitico; publico si sintetico","Aplicar reglas en prioridad: duplicado; incompleto; ambos tiempos; primera; segunda","Auditoria de exclusiones","SI solo sintetico_docente"
"origen_dato","string","sintetico_docente","Generador y pipeline","bruta; restringida; analitica; publica","todos","Asignar como constante y validar antes de exportar","Impedir confundir simulacion con observacion real","SI; obligatorio y constante"
"version_app","string","SemVer con sufijo opcional; por ejemplo 1.0.0-demo","Configuracion de despliegue","bruta; restringida; analitica; publica sintetica","segun capa","Copiar sin editar desde la aplicacion","Trazabilidad de captura","SI solo sintetico_docente"
"pareja_id","string","Identificador aleatorio de pareja; no derivado del participante","Proceso posterior al cierre","restringida","custodio y responsable de pagos","Generar tras cerrar muestra; almacenar en mapa separado","Emparejamiento y errores agrupados","NO: variable de bonificacion"
"simbolo_bonificacion","string","naranja; platano","Sorteo por pareja posterior al cierre","restringida","custodio y responsable de pagos","Asignar una fruta por pareja con semilla congelada","Seleccionar respuesta pagable","NO: variable de bonificacion"
"confianza_seleccionada","integer","0–100","Respuesta de confianza correspondiente a simbolo_bonificacion","restringida","custodio; analisis autorizado temporal","Seleccionar confianza_naranja o confianza_platano segun simbolo_bonificacion","Regresion logistica de coincidencia","NO: variable restringida de bonificacion"
"coincide_pareja","boolean","true; false","Comparacion exacta dentro de pareja","restringida","custodio; analisis autorizado temporal","Comparar la misma categoria para simbolo_bonificacion","Calcular bonificacion y calibracion agregada","NO: variable de bonificacion"
"importe_bonificacion_eur","number","0.00; 0.50","Derivada de coincide_pareja","restringida","responsable de pagos","0.50 si coincide; 0.00 si no","Orden de pago adicional","NO: dato economico individual"
"estado_pago","string","pendiente; enviado; error; no_corresponde","Sistema de pagos o registro local","restringida","responsable de pagos","Actualizar con traza; nunca usar para inclusion","Conciliacion de pagos","NO: dato economico individual"
